{"stats":{"minecraft:killed":{"minecraft:pig":5,"simple_mobs:bright_elemental":1,"restored_earth:lobber_zombie":1,"majruszsdifficulty:cursed_armor":1,"minecraft:creeper":2,"minecraft:horse":5,"minecraft:sheep":11,"minecraft:zombie":1,"minecraft:chicken":1,"minecraft:silverfish":3,"simple_mobs:toxic_goop":1},"minecraft:broken":{"magistuarmory:stone_ranseur":1},"minecraft:killed_by":{"minecraft:silverfish":2,"simple_mobs:dark_elemental":1,"minecraft:skeleton":2,"minecraft:zombie":3,"majruszsdifficulty:cursed_armor":4,"orcz:orcsavagegroupleader":1},"minecraft:crafted":{"epicfight:stone_spear":1,"minecraft:oak_planks":36,"minecraft:cooked_porkchop":1,"minecraft:crafting_table":3,"minecraft:cooked_chicken":2,"comforts:sleeping_bag_white":1,"minecraft:wooden_pickaxe":1,"minecraft:cooked_mutton":14,"minecraft:air":27,"minecraft:shield":1,"minecraft:stick":16,"minecraft:iron_ingot":4,"minecraft:iron_pickaxe":1,"minecraft:stone_pickaxe":1,"minecraft:stone_sword":1,"minecraft:acacia_planks":20,"minecraft:torch":12},"minecraft:mined":{"immersive_weathering:ash_layer_block":1,"minecraft:stone_brick_slab":1,"minecraft:dandelion":1,"minecraft:crafting_table":2,"minecraft:cornflower":1,"minecraft:glow_lichen":1,"minecraft:grass_block":35,"minecraft:white_stained_glass_pane":2,"minecraft:copper_ore":27,"minecraft:tall_grass":34,"minecraft:oak_planks":5,"minecraft:diorite":6,"minecraft:wall_torch":2,"minecraft:petrified_oak_slab":6,"minecraft:large_fern":1,"minecraft:furnace":2,"minecraft:iron_ore":8,"minecraft:andesite":1,"treechop:chopped_log":2,"minecraft:stone_brick_stairs":4,"minecraft:yellow_bed":1,"minecraft:gold_block":2,"minecraft:grass":131,"minecraft:oak_log":4,"minecraft:coal_ore":35,"minecraft:dirt_path":5,"minecraft:oak_stairs":3,"minecraft:dirt":18,"minecraft:stone_bricks":11,"minecraft:stone":35,"minecraft:fern":1,"minecraft:infested_stone":4},"minecraft:dropped":{"minecraft:iron_sword":1,"magistuarmory:rustedkettlehat":1,"minecraft:wheat_seeds":1,"magistuarmory:rustedhalfarmor_chestplate":1,"paraglider:spirit_orb":1,"minecraft:cornflower":1,"minecraft:brown_wool":1,"comforts:sleeping_bag_white":1,"minecraft:arrow":2,"minecraft:wooden_pickaxe":1},"minecraft:custom":{"lootr:looted_stat":1,"minecraft:interact_with_furnace":23,"minecraft:mob_kills":34,"minecraft:interact_with_crafting_table":23,"minecraft:damage_dealt_resisted":412,"minecraft:leave_game":4,"minecraft:time_since_death":53,"minecraft:sleep_in_bed":9,"minecraft:climb_one_cm":16,"minecraft:time_since_rest":95,"champions:champion_mobs_killed":11,"minecraft:sprint_one_cm":760411,"minecraft:walk_one_cm":1693705,"minecraft:damage_taken":4926,"minecraft:damage_absorbed":18,"minecraft:damage_blocked_by_shield":2915,"minecraft:drop":11,"minecraft:damage_dealt":6267,"minecraft:damage_dealt_absorbed":209,"minecraft:swim_one_cm":13171,"minecraft:fly_one_cm":255939,"minecraft:open_chest":12,"minecraft:crouch_one_cm":1877,"minecraft:play_time":151672,"minecraft:deaths":13,"minecraft:sneak_time":801,"minecraft:walk_under_water_one_cm":7728,"minecraft:jump":2108,"minecraft:walk_on_water_one_cm":19036,"minecraft:total_world_time":151672,"minecraft:fall_one_cm":32693},"minecraft:picked_up":{"minecraft:crafting_table":2,"magistuarmory:rustedhalfarmor_chestplate":2,"minecraft:feather":4,"minecraft:lilac":4,"minecraft:chicken":2,"minecraft:andesite":1,"minecraft:brown_wool":2,"minecraft:leather":5,"alexsmobs:acacia_blossom":1,"simple_mobs:toxic_gland":1,"minecraft:wooden_pickaxe":1,"minecraft:acacia_wood":14,"minecraft:oak_stairs":3,"minecraft:gold_block":2,"paraglider:spirit_orb":1,"minecraft:oak_log":9,"minecraft:gunpowder":1,"immersive_weathering:ash_layer_block":1,"minecraft:cornflower":1,"minecraft:dirt":58,"minecraft:raw_copper":80,"minecraft:bone":2,"minecraft:apple":1,"minecraft:wheat_seeds":20,"comforts:sleeping_bag_white":10,"minecraft:oak_planks":4,"minecraft:acacia_sapling":6,"minecraft:egg":1,"minecraft:furnace":2,"hexerei:animal_fat":3,"minecraft:stick":1,"minecraft:raw_iron":8,"minecraft:cooked_porkchop":5,"minecraft:stone_brick_slab":1,"minecraft:torch":1,"minecraft:dandelion":1,"minecraft:porkchop":10,"magistuarmory:rustedkettlehat":1,"minecraft:diorite":6,"hexerei:sage_seed":11,"minecraft:rotten_flesh":4,"minecraft:mutton":14,"minecraft:coal":63,"minecraft:white_wool":11,"minecraft:cobblestone":35},"minecraft:used":{"minecraft:cooked_mutton":14,"minecraft:stone_pickaxe":95,"minecraft:oak_planks":5,"magistuarmory:stone_ranseur":132,"minecraft:shield":34,"minecraft:wooden_pickaxe":3,"minecraft:cooked_chicken":2,"minecraft:torch":6,"minecraft:dirt":47,"minecraft:crafting_table":5,"epicfight:stone_spear":54,"minecraft:apple":1,"untamedwilds:food_bear_cooked":5,"minecraft:bread":9,"minecraft:brown_wool":1,"minecraft:iron_pickaxe":78,"minecraft:cobblestone":1,"minecraft:cooked_porkchop":2,"minecraft:furnace":2,"minecraft:andesite":1,"quark:oak_chest":1,"comforts:sleeping_bag_white":9,"minecraft:dandelion":1}},"DataVersion":2975}