{"stats":{"minecraft:killed":{"minecraft:pig":5,"restored_earth:lobber_zombie":1,"minecraft:creeper":2,"minecraft:sheep":11,"minecraft:horse":5,"minecraft:silverfish":2},"minecraft:killed_by":{"minecraft:silverfish":2,"simple_mobs:dark_elemental":1,"minecraft:zombie":3,"majruszsdifficulty:cursed_armor":4},"minecraft:crafted":{"minecraft:oak_planks":28,"minecraft:crafting_table":2,"comforts:sleeping_bag_white":1,"minecraft:wooden_pickaxe":1,"minecraft:cooked_mutton":14,"minecraft:air":26,"minecraft:shield":1,"minecraft:stick":16,"minecraft:iron_ingot":4,"minecraft:iron_pickaxe":1,"minecraft:stone_pickaxe":1,"minecraft:acacia_planks":16,"minecraft:torch":12},"minecraft:dropped":{"minecraft:wooden_pickaxe":1},"minecraft:mined":{"minecraft:dandelion":1,"minecraft:crafting_table":2,"minecraft:glow_lichen":1,"minecraft:grass_block":24,"minecraft:tall_grass":29,"minecraft:copper_ore":18,"minecraft:oak_planks":1,"minecraft:diorite":3,"minecraft:wall_torch":2,"minecraft:iron_ore":4,"minecraft:andesite":1,"treechop:chopped_log":2,"minecraft:grass":122,"minecraft:coal_ore":35,"minecraft:dirt":15,"minecraft:stone":29,"minecraft:fern":1,"minecraft:infested_stone":3},"minecraft:custom":{"minecraft:interact_with_furnace":12,"lootr:looted_stat":1,"minecraft:mob_kills":26,"minecraft:interact_with_crafting_table":19,"minecraft:damage_dealt_resisted":56,"minecraft:leave_game":3,"minecraft:time_since_death":5228,"minecraft:sleep_in_bed":6,"minecraft:time_since_rest":1401,"champions:champion_mobs_killed":6,"minecraft:sprint_one_cm":324918,"minecraft:walk_one_cm":739612,"minecraft:damage_taken":3058,"minecraft:damage_absorbed":18,"minecraft:damage_blocked_by_shield":256,"minecraft:drop":1,"minecraft:damage_dealt":4067,"minecraft:damage_dealt_absorbed":97,"minecraft:swim_one_cm":8107,"minecraft:fly_one_cm":127707,"minecraft:crouch_one_cm":1877,"minecraft:play_time":74568,"minecraft:deaths":10,"minecraft:sneak_time":790,"minecraft:walk_under_water_one_cm":7283,"minecraft:jump":1168,"minecraft:walk_on_water_one_cm":12085,"minecraft:total_world_time":74568,"minecraft:fall_one_cm":19999},"minecraft:picked_up":{"minecraft:crafting_table":2,"minecraft:andesite":1,"minecraft:leather":4,"alexsmobs:acacia_blossom":1,"minecraft:wooden_pickaxe":1,"minecraft:acacia_wood":14,"minecraft:oak_log":9,"minecraft:gunpowder":1,"minecraft:dirt":39,"minecraft:raw_copper":54,"minecraft:apple":1,"minecraft:wheat_seeds":19,"comforts:sleeping_bag_white":6,"minecraft:oak_planks":1,"minecraft:acacia_sapling":6,"hexerei:animal_fat":3,"minecraft:stick":1,"minecraft:raw_iron":4,"minecraft:torch":1,"minecraft:dandelion":1,"minecraft:porkchop":10,"minecraft:diorite":3,"hexerei:sage_seed":8,"minecraft:rotten_flesh":4,"minecraft:mutton":14,"minecraft:coal":35,"minecraft:white_wool":11,"minecraft:cobblestone":28},"minecraft:used":{"minecraft:cooked_mutton":1,"minecraft:stone_pickaxe":95,"minecraft:oak_planks":3,"magistuarmory:stone_ranseur":104,"minecraft:shield":5,"minecraft:wooden_pickaxe":3,"minecraft:torch":6,"minecraft:dirt":36,"minecraft:crafting_table":4,"minecraft:apple":1,"untamedwilds:food_bear_cooked":3,"minecraft:bread":6,"minecraft:furnace":1,"minecraft:andesite":1,"comforts:sleeping_bag_white":6,"minecraft:dandelion":1}},"DataVersion":2975}