{"stats":{"minecraft:picked_up":{"paraglider:spirit_orb":1,"minecraft:spruce_sapling":1,"minecraft:spruce_log":11,"minecraft:stick":7},"minecraft:custom":{"minecraft:jump":76,"minecraft:time_since_rest":7585,"minecraft:crouch_one_cm":25,"minecraft:walk_on_water_one_cm":8079,"minecraft:sprint_one_cm":56693,"minecraft:play_time":7585,"minecraft:damage_taken":10,"minecraft:time_since_death":7585,"minecraft:walk_one_cm":77905,"minecraft:sneak_time":76,"minecraft:total_world_time":7585,"minecraft:walk_under_water_one_cm":1794,"minecraft:fall_one_cm":1440,"minecraft:fly_one_cm":8939,"minecraft:leave_game":1},"minecraft:used":{"minecraft:bread":2},"minecraft:mined":{"minecraft:spruce_log":1,"minecraft:spruce_leaves":6,"minecraft:glass_pane":1,"treechop:chopped_log":1}},"DataVersion":2975}