{"stats":{"minecraft:killed":{"minecraft:skeleton":1,"minecraft:sheep":1,"minecraft:horse":1,"minecraft:zombie":2,"minecraft:pig":1,"bloodandmadness:beast_patient":1,"minecraft:chicken":1},"minecraft:killed_by":{"dannys_expansion:squig":1,"majruszsdifficulty:cursed_armor":1,"minecraft:skeleton":1,"minecraft:zombie":1},"minecraft:crafted":{"minecraft:oak_planks":4,"comforts:sleeping_bag_white":1,"minecraft:air":8},"minecraft:dropped":{"alexsmobs:acacia_blossom":1,"minecraft:brown_wool":2,"minecraft:leather":1,"minecraft:flint":4},"minecraft:mined":{"comforts:sleeping_bag_white":2,"immersive_weathering:ash_layer_block":5,"minecraft:wheat":6,"minecraft:spruce_fence":1,"minecraft:grass_block":1,"minecraft:dirt":1,"minecraft:stone":7},"minecraft:custom":{"minecraft:time_since_rest":5044,"champions:champion_mobs_killed":3,"minecraft:interact_with_furnace":4,"lootr:looted_stat":1,"minecraft:sprint_one_cm":102389,"minecraft:damage_absorbed":9,"minecraft:damage_taken":1209,"minecraft:walk_one_cm":708311,"minecraft:mob_kills":8,"minecraft:drop":5,"minecraft:damage_dealt":409,"minecraft:damage_dealt_absorbed":18,"minecraft:talked_to_villager":1,"minecraft:interact_with_crafting_table":4,"minecraft:fly_one_cm":117353,"minecraft:open_barrel":3,"minecraft:open_chest":12,"minecraft:crouch_one_cm":1169,"minecraft:play_time":74188,"minecraft:deaths":4,"minecraft:sneak_time":219,"minecraft:walk_under_water_one_cm":2466,"minecraft:jump":584,"minecraft:leave_game":1,"minecraft:time_since_death":27365,"minecraft:walk_on_water_one_cm":5824,"minecraft:sleep_in_bed":3,"minecraft:total_world_time":74188,"minecraft:fall_one_cm":9960},"minecraft:used":{"minecraft:flint_and_steel":29,"minecraft:light_weighted_pressure_plate":1,"minecraft:bread":7,"minecraft:stone_pickaxe":15,"minecraft:chainmail_helmet":1,"minecraft:bow":56,"minecraft:egg":1,"comforts:sleeping_bag_white":5,"minecraft:spruce_fence":1,"minecraft:wheat_seeds":6},"minecraft:picked_up":{"hexerei:animal_fat":1,"apotheosis:gem":1,"minecraft:leather":1,"minecraft:brown_wool":2,"alexsmobs:acacia_blossom":1,"minecraft:spruce_fence":1,"paraglider:spirit_orb":2,"minecraft:porkchop":1,"minecraft:oak_log":1,"immersive_weathering:ash_layer_block":5,"minecraft:dirt":2,"hexerei:sage_seed":1,"minecraft:rotten_flesh":1,"minecraft:wheat_seeds":13,"comforts:sleeping_bag_white":5,"minecraft:mutton":1,"minecraft:iron_sword":1,"minecraft:wheat":6,"minecraft:cobblestone":6,"minecraft:egg":1}},"DataVersion":2975}